ID,Job Title,Location,Sector,Job Type,Closing Date,Job URL,Employer,Scrape Date
a0b87e821a8decd676c289a00ed8b949,Catering Assistant - Redhead,Not specified,Aged Care,Not specified,Not specified,https://careers.whiddon.com.au/en/job/494567/catering-assistant-redhead,Whiddon,2025-11-24
14e8a5dc6b7d0d10f020e1223554af06,Storeperson - Redhead,Not specified,Aged Care,Not specified,Not specified,https://careers.whiddon.com.au/en/job/494568/storeperson-redhead,Whiddon,2025-11-24
d4e0be214df11ffa5660284b4a50b6de,Home Care Employee - Moree,Not specified,Aged Care,Not specified,Not specified,https://careers.whiddon.com.au/en/job/494570/home-care-employee-moree,Whiddon,2025-11-24
4ff1ecb73f136feb9ef8f606df495318,Administration Officer - Wingham,Not specified,Aged Care,Not specified,Not specified,https://careers.whiddon.com.au/en/job/494573/administration-officer-wingham,Whiddon,2025-11-24
91b1ae4abece3d7479b4fdcbef961f45,Chef - Mareeba,Not specified,Aged Care,Not specified,Not specified,https://careers.whiddon.com.au/en/job/494566/chef-mareeba,Whiddon,2025-11-24
764ef6d630ee8fca07fe5499750aec65,Admin Office - Largs,Not specified,Aged Care,Not specified,Not specified,https://careers.whiddon.com.au/en/job/494571/admin-office-largs,Whiddon,2025-11-24
7b9fc50b85ae4c9dcf09a968fdc9c7e3,Volunteer - Mareeba,Not specified,Aged Care,Not specified,Not specified,https://careers.whiddon.com.au/en/job/494572/volunteer-mareeba,Whiddon,2025-11-24
e697e5b455cbeaccbd9dd222cc865b6d,Chef - Easton Park,Not specified,Aged Care,Not specified,Not specified,https://careers.whiddon.com.au/en/job/494561/chef-easton-park,Whiddon,2025-11-24
3217e1e31ce376e1185d7a52e6da16dc,Assistant in Nursing - Wee Waa,Not specified,Aged Care,Not specified,Not specified,https://careers.whiddon.com.au/en/job/494564/assistant-in-nursing-wee-waa,Whiddon,2025-11-24
33184328a4b006988d91767bc395e378,Care Services Manager,Not specified,Aged Care,Not specified,Not specified,https://careers.whiddon.com.au/en/job/494556/care-services-manager,Whiddon,2025-11-24
9e50d194adfd9deeb8139043ba57b7c9,Payroll Analyst,Not specified,Aged Care,Not specified,Not specified,https://careers.whiddon.com.au/en/job/494552/payroll-analyst,Whiddon,2025-11-24
7038a3861b02dcdb2a03200c681249db,Registered Nurse - Maclean,Not specified,Aged Care,Not specified,Not specified,https://careers.whiddon.com.au/en/job/494560/registered-nurse-maclean,Whiddon,2025-11-24
25f8014b1c8013988b22b673030c9615,Assistant in Nursing - Beaudesert,Not specified,Aged Care,Not specified,Not specified,https://careers.whiddon.com.au/en/job/494559/assistant-in-nursing-beaudesert,Whiddon,2025-11-24
eda49ce4065aa62c4fc5ee8bda517a7a,Home Care Employee - Redhead,Not specified,Aged Care,Not specified,Not specified,https://careers.whiddon.com.au/en/job/494544/home-care-employee-redhead,Whiddon,2025-11-24
40719f220092eaf47fb7339507fad929,Registered Nurse - Casino,Not specified,Aged Care,Not specified,Not specified,https://careers.whiddon.com.au/en/job/494555/registered-nurse-casino,Whiddon,2025-11-24
8c0624c763170485bacfc6c7c512d8d7,Registered Nurse - Easton Park,Not specified,Aged Care,Not specified,Not specified,https://careers.whiddon.com.au/en/job/494557/registered-nurse-easton-park,Whiddon,2025-11-24
b90792a67db8e10d388d918bfb5fde0e,Chef - Grafton,Not specified,Aged Care,Not specified,Not specified,https://careers.whiddon.com.au/en/job/494551/chef-grafton,Whiddon,2025-11-24
726d3b43f7cd02e53632766b05499b35,Home Care Employee - Beaudesert,Not specified,Aged Care,Not specified,Not specified,https://careers.whiddon.com.au/en/job/494548/home-care-employee-beaudesert,Whiddon,2025-11-24
ddae1e3f373cc5fa7bbfefc2980cbd50,Home Care Employee - Kyogle,Not specified,Aged Care,Not specified,Not specified,https://careers.whiddon.com.au/en/job/494546/home-care-employee-kyogle,Whiddon,2025-11-24
bbb0ca1093ddc648ec6cd25af4b254e8,Home Care Employee - Tweed Heads,Not specified,Aged Care,Not specified,Not specified,https://careers.whiddon.com.au/en/job/494547/home-care-employee-tweed-heads,Whiddon,2025-11-24
a0b87e821a8decd676c289a00ed8b949,Catering Assistant - Redhead,Not specified,Aged Care,Not specified,Not specified,https://careers.whiddon.com.au/en/job/494567/catering-assistant-redhead,Whiddon,2025-11-24
14e8a5dc6b7d0d10f020e1223554af06,Storeperson - Redhead,Not specified,Aged Care,Not specified,Not specified,https://careers.whiddon.com.au/en/job/494568/storeperson-redhead,Whiddon,2025-11-24
d4e0be214df11ffa5660284b4a50b6de,Home Care Employee - Moree,Not specified,Aged Care,Not specified,Not specified,https://careers.whiddon.com.au/en/job/494570/home-care-employee-moree,Whiddon,2025-11-24
4ff1ecb73f136feb9ef8f606df495318,Administration Officer - Wingham,Not specified,Aged Care,Not specified,Not specified,https://careers.whiddon.com.au/en/job/494573/administration-officer-wingham,Whiddon,2025-11-24
91b1ae4abece3d7479b4fdcbef961f45,Chef - Mareeba,Not specified,Aged Care,Not specified,Not specified,https://careers.whiddon.com.au/en/job/494566/chef-mareeba,Whiddon,2025-11-24
764ef6d630ee8fca07fe5499750aec65,Admin Office - Largs,Not specified,Aged Care,Not specified,Not specified,https://careers.whiddon.com.au/en/job/494571/admin-office-largs,Whiddon,2025-11-24
7b9fc50b85ae4c9dcf09a968fdc9c7e3,Volunteer - Mareeba,Not specified,Aged Care,Not specified,Not specified,https://careers.whiddon.com.au/en/job/494572/volunteer-mareeba,Whiddon,2025-11-24
e697e5b455cbeaccbd9dd222cc865b6d,Chef - Easton Park,Not specified,Aged Care,Not specified,Not specified,https://careers.whiddon.com.au/en/job/494561/chef-easton-park,Whiddon,2025-11-24
3217e1e31ce376e1185d7a52e6da16dc,Assistant in Nursing - Wee Waa,Not specified,Aged Care,Not specified,Not specified,https://careers.whiddon.com.au/en/job/494564/assistant-in-nursing-wee-waa,Whiddon,2025-11-24
33184328a4b006988d91767bc395e378,Care Services Manager,Not specified,Aged Care,Not specified,Not specified,https://careers.whiddon.com.au/en/job/494556/care-services-manager,Whiddon,2025-11-24
9e50d194adfd9deeb8139043ba57b7c9,Payroll Analyst,Not specified,Aged Care,Not specified,Not specified,https://careers.whiddon.com.au/en/job/494552/payroll-analyst,Whiddon,2025-11-24
7038a3861b02dcdb2a03200c681249db,Registered Nurse - Maclean,Not specified,Aged Care,Not specified,Not specified,https://careers.whiddon.com.au/en/job/494560/registered-nurse-maclean,Whiddon,2025-11-24
25f8014b1c8013988b22b673030c9615,Assistant in Nursing - Beaudesert,Not specified,Aged Care,Not specified,Not specified,https://careers.whiddon.com.au/en/job/494559/assistant-in-nursing-beaudesert,Whiddon,2025-11-24
eda49ce4065aa62c4fc5ee8bda517a7a,Home Care Employee - Redhead,Not specified,Aged Care,Not specified,Not specified,https://careers.whiddon.com.au/en/job/494544/home-care-employee-redhead,Whiddon,2025-11-24
40719f220092eaf47fb7339507fad929,Registered Nurse - Casino,Not specified,Aged Care,Not specified,Not specified,https://careers.whiddon.com.au/en/job/494555/registered-nurse-casino,Whiddon,2025-11-24
8c0624c763170485bacfc6c7c512d8d7,Registered Nurse - Easton Park,Not specified,Aged Care,Not specified,Not specified,https://careers.whiddon.com.au/en/job/494557/registered-nurse-easton-park,Whiddon,2025-11-24
b90792a67db8e10d388d918bfb5fde0e,Chef - Grafton,Not specified,Aged Care,Not specified,Not specified,https://careers.whiddon.com.au/en/job/494551/chef-grafton,Whiddon,2025-11-24
726d3b43f7cd02e53632766b05499b35,Home Care Employee - Beaudesert,Not specified,Aged Care,Not specified,Not specified,https://careers.whiddon.com.au/en/job/494548/home-care-employee-beaudesert,Whiddon,2025-11-24
ddae1e3f373cc5fa7bbfefc2980cbd50,Home Care Employee - Kyogle,Not specified,Aged Care,Not specified,Not specified,https://careers.whiddon.com.au/en/job/494546/home-care-employee-kyogle,Whiddon,2025-11-24
bbb0ca1093ddc648ec6cd25af4b254e8,Home Care Employee - Tweed Heads,Not specified,Aged Care,Not specified,Not specified,https://careers.whiddon.com.au/en/job/494547/home-care-employee-tweed-heads,Whiddon,2025-11-24
aac52d6127169978288dac1a45633bd4,Assistant In Nursing - Belmont,Not specified,Aged Care,Not specified,Not specified,https://careers.whiddon.com.au/en/job/494549/assistant-in-nursing-belmont,Whiddon,2025-11-24
139b4bf3de8bba27b8b5ff3f92b26567,Wellbeing and Lifestyle Officer - Grafton,Not specified,Aged Care,Not specified,Not specified,https://careers.whiddon.com.au/en/job/494550/wellbeing-and-lifestyle-officer-grafton,Whiddon,2025-11-24
7d250f693383771eed54017452146d0e,Maintenance Officer - Beaudesert,Not specified,Aged Care,Not specified,Not specified,https://careers.whiddon.com.au/en/job/494545/maintenance-officer-beaudesert,Whiddon,2025-11-24
f10895266bd05744d2b2fc834c7fe3d3,Catering Assistant - Beaudesert,Not specified,Aged Care,Not specified,Not specified,https://careers.whiddon.com.au/en/job/494540/catering-assistant-beaudesert,Whiddon,2025-11-24
886398d991abb68b434310693a9565e5,Domestic Assistant - Kyogle,Not specified,Aged Care,Not specified,Not specified,https://careers.whiddon.com.au/en/job/494542/domestic-assistant-kyogle,Whiddon,2025-11-24
a518cc5090ec85c5e8b46d82f8256869,Domestic Assistant - Maclean,Not specified,Aged Care,Not specified,Not specified,https://careers.whiddon.com.au/en/job/494543/domestic-assistant-maclean,Whiddon,2025-11-24
c165cc85c8f18c82a9524a46266de497,Home Care Employee - Hornsby,Not specified,Aged Care,Not specified,Not specified,https://careers.whiddon.com.au/en/job/494537/home-care-employee-hornsby,Whiddon,2025-11-24
23b074e201e6fb4e3e51ee2a4ea03733,Wellbeing & Lifestyle Coordinator - Maclean,Not specified,Aged Care,Not specified,Not specified,https://careers.whiddon.com.au/en/job/494538/wellbeing-lifestyle-coordinator-maclean,Whiddon,2025-11-24
0fbcc2fc4995449a1a892d337ba81238,Volunteer Manager,Not specified,Aged Care,Not specified,Not specified,https://careers.whiddon.com.au/en/job/494535/volunteer-manager,Whiddon,2025-11-24
21e11830fa2d8287bc51591b23661165,Head Chef - Mareeba Maclean,Not specified,Aged Care,Not specified,Not specified,https://careers.whiddon.com.au/en/job/494536/head-chef-mareeba-maclean,Whiddon,2025-11-24
f0082136aa54bfd7be0aa7a89ac651f0,Admin Officer - Redhead,Not specified,Aged Care,Not specified,Not specified,https://careers.whiddon.com.au/en/job/494508/admin-officer-redhead,Whiddon,2025-11-24
89125fb54eff175ef49323561436e010,Chef - Kelso,Not specified,Aged Care,Not specified,Not specified,https://careers.whiddon.com.au/en/job/494526/chef-kelso,Whiddon,2025-11-24
ab04f98994640f393a9270667abb1f58,Catering Assistant - Laurieton,Not specified,Aged Care,Not specified,Not specified,https://careers.whiddon.com.au/en/job/494530/catering-assistant-laurieton,Whiddon,2025-11-24
df23f770b76d759c9b23b0025aed2a0e,Wellbeing & Lifestyle Officer - Beaudesert,Not specified,Aged Care,Not specified,Not specified,https://careers.whiddon.com.au/en/job/494531/wellbeing-lifestyle-officer-beaudesert,Whiddon,2025-11-24
28e073e78e1d840e27df0054a746fc4a,Home Care Employee - Tamworth,Not specified,Aged Care,Not specified,Not specified,https://careers.whiddon.com.au/en/job/494529/home-care-employee-tamworth,Whiddon,2025-11-24
7301584c5289f52fed99b33a0c6e1a6d,Registered Nurse - Wingham,Not specified,Aged Care,Not specified,Not specified,https://careers.whiddon.com.au/en/job/494514/registered-nurse-wingham,Whiddon,2025-11-24
37ed37a512e2972b28c4aff0126bd4f0,Customer Liaison Officer (scheduling),Not specified,Aged Care,Not specified,Not specified,https://careers.whiddon.com.au/en/job/494500/customer-liaison-officer-scheduling,Whiddon,2025-11-24
5bd85abe9af187404ac9ff813ed20df4,Assistant in Nursing,Not specified,Aged Care,Not specified,Not specified,https://careers.whiddon.com.au/en/job/494505/assistant-in-nursing,Whiddon,2025-11-24
dbec4ff96ff4e35b4054a04c7b3ea16c,Volunteer - Beaudesert,Not specified,Aged Care,Not specified,Not specified,https://careers.whiddon.com.au/en/job/494212/volunteer-beaudesert,Whiddon,2025-11-24
84fc736a5309f414d934f54ecc3ffd87,Volunteer - Belmont,Not specified,Aged Care,Not specified,Not specified,https://careers.whiddon.com.au/en/job/494196/volunteer-belmont,Whiddon,2025-11-24
aac52d6127169978288dac1a45633bd4,Assistant In Nursing - Belmont,Not specified,Aged Care,Not specified,Not specified,https://careers.whiddon.com.au/en/job/494549/assistant-in-nursing-belmont,Whiddon,2025-11-24
139b4bf3de8bba27b8b5ff3f92b26567,Wellbeing and Lifestyle Officer - Grafton,Not specified,Aged Care,Not specified,Not specified,https://careers.whiddon.com.au/en/job/494550/wellbeing-and-lifestyle-officer-grafton,Whiddon,2025-11-24
7d250f693383771eed54017452146d0e,Maintenance Officer - Beaudesert,Not specified,Aged Care,Not specified,Not specified,https://careers.whiddon.com.au/en/job/494545/maintenance-officer-beaudesert,Whiddon,2025-11-24
f10895266bd05744d2b2fc834c7fe3d3,Catering Assistant - Beaudesert,Not specified,Aged Care,Not specified,Not specified,https://careers.whiddon.com.au/en/job/494540/catering-assistant-beaudesert,Whiddon,2025-11-24
886398d991abb68b434310693a9565e5,Domestic Assistant - Kyogle,Not specified,Aged Care,Not specified,Not specified,https://careers.whiddon.com.au/en/job/494542/domestic-assistant-kyogle,Whiddon,2025-11-24
a518cc5090ec85c5e8b46d82f8256869,Domestic Assistant - Maclean,Not specified,Aged Care,Not specified,Not specified,https://careers.whiddon.com.au/en/job/494543/domestic-assistant-maclean,Whiddon,2025-11-24
c165cc85c8f18c82a9524a46266de497,Home Care Employee - Hornsby,Not specified,Aged Care,Not specified,Not specified,https://careers.whiddon.com.au/en/job/494537/home-care-employee-hornsby,Whiddon,2025-11-24
23b074e201e6fb4e3e51ee2a4ea03733,Wellbeing & Lifestyle Coordinator - Maclean,Not specified,Aged Care,Not specified,Not specified,https://careers.whiddon.com.au/en/job/494538/wellbeing-lifestyle-coordinator-maclean,Whiddon,2025-11-24
0fbcc2fc4995449a1a892d337ba81238,Volunteer Manager,Not specified,Aged Care,Not specified,Not specified,https://careers.whiddon.com.au/en/job/494535/volunteer-manager,Whiddon,2025-11-24
21e11830fa2d8287bc51591b23661165,Head Chef - Mareeba Maclean,Not specified,Aged Care,Not specified,Not specified,https://careers.whiddon.com.au/en/job/494536/head-chef-mareeba-maclean,Whiddon,2025-11-24
f0082136aa54bfd7be0aa7a89ac651f0,Admin Officer - Redhead,Not specified,Aged Care,Not specified,Not specified,https://careers.whiddon.com.au/en/job/494508/admin-officer-redhead,Whiddon,2025-11-24
89125fb54eff175ef49323561436e010,Chef - Kelso,Not specified,Aged Care,Not specified,Not specified,https://careers.whiddon.com.au/en/job/494526/chef-kelso,Whiddon,2025-11-24
ab04f98994640f393a9270667abb1f58,Catering Assistant - Laurieton,Not specified,Aged Care,Not specified,Not specified,https://careers.whiddon.com.au/en/job/494530/catering-assistant-laurieton,Whiddon,2025-11-24
df23f770b76d759c9b23b0025aed2a0e,Wellbeing & Lifestyle Officer - Beaudesert,Not specified,Aged Care,Not specified,Not specified,https://careers.whiddon.com.au/en/job/494531/wellbeing-lifestyle-officer-beaudesert,Whiddon,2025-11-24
28e073e78e1d840e27df0054a746fc4a,Home Care Employee - Tamworth,Not specified,Aged Care,Not specified,Not specified,https://careers.whiddon.com.au/en/job/494529/home-care-employee-tamworth,Whiddon,2025-11-24
7301584c5289f52fed99b33a0c6e1a6d,Registered Nurse - Wingham,Not specified,Aged Care,Not specified,Not specified,https://careers.whiddon.com.au/en/job/494514/registered-nurse-wingham,Whiddon,2025-11-24
37ed37a512e2972b28c4aff0126bd4f0,Customer Liaison Officer (scheduling),Not specified,Aged Care,Not specified,Not specified,https://careers.whiddon.com.au/en/job/494500/customer-liaison-officer-scheduling,Whiddon,2025-11-24
5bd85abe9af187404ac9ff813ed20df4,Assistant in Nursing,Not specified,Aged Care,Not specified,Not specified,https://careers.whiddon.com.au/en/job/494505/assistant-in-nursing,Whiddon,2025-11-24
dbec4ff96ff4e35b4054a04c7b3ea16c,Volunteer - Beaudesert,Not specified,Aged Care,Not specified,Not specified,https://careers.whiddon.com.au/en/job/494212/volunteer-beaudesert,Whiddon,2025-11-24
84fc736a5309f414d934f54ecc3ffd87,Volunteer - Belmont,Not specified,Aged Care,Not specified,Not specified,https://careers.whiddon.com.au/en/job/494196/volunteer-belmont,Whiddon,2025-11-24
29a5757db35651b021ed3559b083f019,Volunteer - Bourke,Not specified,Aged Care,Not specified,Not specified,https://careers.whiddon.com.au/en/job/494197/volunteer-bourke,Whiddon,2025-11-24
1cf3b3883ac3d815d8d606ead1137303,Volunteer - Casino,Not specified,Aged Care,Not specified,Not specified,https://careers.whiddon.com.au/en/job/494198/volunteer-casino,Whiddon,2025-11-24
d150effe24c14b63182d5836f3ccc9ad,Volunteer - Easton Park (EPU),Not specified,Aged Care,Not specified,Not specified,https://careers.whiddon.com.au/en/job/494199/volunteer-easton-park-epu,Whiddon,2025-11-24
a3105bf4adcb4304bef3908ca5b34021,Volunteer - Grafton,Not specified,Aged Care,Not specified,Not specified,https://careers.whiddon.com.au/en/job/494200/volunteer-grafton,Whiddon,2025-11-24
02ef80421af5a0843e63bf44e7f8b085,Volunteer - Kelso,Not specified,Aged Care,Not specified,Not specified,https://careers.whiddon.com.au/en/job/494201/volunteer-kelso,Whiddon,2025-11-24
f81d2117a29ab692a7a0fa5cf1c6f8c5,Volunteer - Kyogle,Not specified,Aged Care,Not specified,Not specified,https://careers.whiddon.com.au/en/job/494202/volunteer-kyogle,Whiddon,2025-11-24
0c7f2c75dd998428069340848048842b,Volunteer - Largs,Not specified,Aged Care,Not specified,Not specified,https://careers.whiddon.com.au/en/job/494205/volunteer-largs,Whiddon,2025-11-24
dc088b21adc6ef9fd64264ec9f202182,Volunteer - Laurieton,Not specified,Aged Care,Not specified,Not specified,https://careers.whiddon.com.au/en/job/494206/volunteer-laurieton,Whiddon,2025-11-24
51f43a524e3e199bca547ec017de0326,Volunteer - Maclean,Not specified,Aged Care,Not specified,Not specified,https://careers.whiddon.com.au/en/job/494207/volunteer-maclean,Whiddon,2025-11-24
06f20947aecf7e485797c3a722b34942,Volunteer - Moree,Not specified,Aged Care,Not specified,Not specified,https://careers.whiddon.com.au/en/job/494208/volunteer-moree,Whiddon,2025-11-24
e5025529dccd25802d8e9b39bab5747d,Volunteer - Narrabri (Jessie Hunt),Not specified,Aged Care,Not specified,Not specified,https://careers.whiddon.com.au/en/job/494209/volunteer-narrabri-jessie-hunt,Whiddon,2025-11-24
aa0ad039db9091a281e1a3d20a3a7a8a,Volunteer - Easton Park (SDM),Not specified,Aged Care,Not specified,Not specified,https://careers.whiddon.com.au/en/job/494213/volunteer-easton-park-sdm,Whiddon,2025-11-24
766e52fa98a93da32a2d6d42f378b7bf,Volunteer - Easton Park (Taylor House),Not specified,Aged Care,Not specified,Not specified,https://careers.whiddon.com.au/en/job/494215/volunteer-easton-park-taylor-house,Whiddon,2025-11-24
a4d00789bd60a76569b54ba6690d7503,Volunteer - Mudgee,Not specified,Aged Care,Not specified,Not specified,https://careers.whiddon.com.au/en/job/494216/volunteer-mudgee,Whiddon,2025-11-24
63923bccf03cb10967afa3303015ce97,Volunteer - Narrabri (Robert Young),Not specified,Aged Care,Not specified,Not specified,https://careers.whiddon.com.au/en/job/494217/volunteer-narrabri-robert-young,Whiddon,2025-11-24
967be4a01539811bfa101d782fa08d54,Volunteer - Redhead,Not specified,Aged Care,Not specified,Not specified,https://careers.whiddon.com.au/en/job/494218/volunteer-redhead,Whiddon,2025-11-24
36303a2d1177c718ee06c07ef0aa51b8,Volunteer - Temora (Greenstone),Not specified,Aged Care,Not specified,Not specified,https://careers.whiddon.com.au/en/job/494219/volunteer-temora-greenstone,Whiddon,2025-11-24
7a35ac2aed7551c1358f27546d1e1918,Volunteer - Temora (Narraburra),Not specified,Aged Care,Not specified,Not specified,https://careers.whiddon.com.au/en/job/494220/volunteer-temora-narraburra,Whiddon,2025-11-24
70563de77b7d401dc2b15e3138ffa6af,Volunteer - Wingham,Not specified,Aged Care,Not specified,Not specified,https://careers.whiddon.com.au/en/job/494221/volunteer-wingham,Whiddon,2025-11-24
01d7ddd157f8971047a5bee8a5f9ed53,Volunteer - Wee Waa,Not specified,Aged Care,Not specified,Not specified,https://careers.whiddon.com.au/en/job/494222/volunteer-wee-waa,Whiddon,2025-11-24
29a5757db35651b021ed3559b083f019,Volunteer - Bourke,Not specified,Aged Care,Not specified,Not specified,https://careers.whiddon.com.au/en/job/494197/volunteer-bourke,Whiddon,2025-11-24
1cf3b3883ac3d815d8d606ead1137303,Volunteer - Casino,Not specified,Aged Care,Not specified,Not specified,https://careers.whiddon.com.au/en/job/494198/volunteer-casino,Whiddon,2025-11-24
d150effe24c14b63182d5836f3ccc9ad,Volunteer - Easton Park (EPU),Not specified,Aged Care,Not specified,Not specified,https://careers.whiddon.com.au/en/job/494199/volunteer-easton-park-epu,Whiddon,2025-11-24
a3105bf4adcb4304bef3908ca5b34021,Volunteer - Grafton,Not specified,Aged Care,Not specified,Not specified,https://careers.whiddon.com.au/en/job/494200/volunteer-grafton,Whiddon,2025-11-24
02ef80421af5a0843e63bf44e7f8b085,Volunteer - Kelso,Not specified,Aged Care,Not specified,Not specified,https://careers.whiddon.com.au/en/job/494201/volunteer-kelso,Whiddon,2025-11-24
f81d2117a29ab692a7a0fa5cf1c6f8c5,Volunteer - Kyogle,Not specified,Aged Care,Not specified,Not specified,https://careers.whiddon.com.au/en/job/494202/volunteer-kyogle,Whiddon,2025-11-24
0c7f2c75dd998428069340848048842b,Volunteer - Largs,Not specified,Aged Care,Not specified,Not specified,https://careers.whiddon.com.au/en/job/494205/volunteer-largs,Whiddon,2025-11-24
dc088b21adc6ef9fd64264ec9f202182,Volunteer - Laurieton,Not specified,Aged Care,Not specified,Not specified,https://careers.whiddon.com.au/en/job/494206/volunteer-laurieton,Whiddon,2025-11-24
51f43a524e3e199bca547ec017de0326,Volunteer - Maclean,Not specified,Aged Care,Not specified,Not specified,https://careers.whiddon.com.au/en/job/494207/volunteer-maclean,Whiddon,2025-11-24
06f20947aecf7e485797c3a722b34942,Volunteer - Moree,Not specified,Aged Care,Not specified,Not specified,https://careers.whiddon.com.au/en/job/494208/volunteer-moree,Whiddon,2025-11-24
e5025529dccd25802d8e9b39bab5747d,Volunteer - Narrabri (Jessie Hunt),Not specified,Aged Care,Not specified,Not specified,https://careers.whiddon.com.au/en/job/494209/volunteer-narrabri-jessie-hunt,Whiddon,2025-11-24
aa0ad039db9091a281e1a3d20a3a7a8a,Volunteer - Easton Park (SDM),Not specified,Aged Care,Not specified,Not specified,https://careers.whiddon.com.au/en/job/494213/volunteer-easton-park-sdm,Whiddon,2025-11-24
766e52fa98a93da32a2d6d42f378b7bf,Volunteer - Easton Park (Taylor House),Not specified,Aged Care,Not specified,Not specified,https://careers.whiddon.com.au/en/job/494215/volunteer-easton-park-taylor-house,Whiddon,2025-11-24
a4d00789bd60a76569b54ba6690d7503,Volunteer - Mudgee,Not specified,Aged Care,Not specified,Not specified,https://careers.whiddon.com.au/en/job/494216/volunteer-mudgee,Whiddon,2025-11-24
63923bccf03cb10967afa3303015ce97,Volunteer - Narrabri (Robert Young),Not specified,Aged Care,Not specified,Not specified,https://careers.whiddon.com.au/en/job/494217/volunteer-narrabri-robert-young,Whiddon,2025-11-24
967be4a01539811bfa101d782fa08d54,Volunteer - Redhead,Not specified,Aged Care,Not specified,Not specified,https://careers.whiddon.com.au/en/job/494218/volunteer-redhead,Whiddon,2025-11-24
36303a2d1177c718ee06c07ef0aa51b8,Volunteer - Temora (Greenstone),Not specified,Aged Care,Not specified,Not specified,https://careers.whiddon.com.au/en/job/494219/volunteer-temora-greenstone,Whiddon,2025-11-24
7a35ac2aed7551c1358f27546d1e1918,Volunteer - Temora (Narraburra),Not specified,Aged Care,Not specified,Not specified,https://careers.whiddon.com.au/en/job/494220/volunteer-temora-narraburra,Whiddon,2025-11-24
70563de77b7d401dc2b15e3138ffa6af,Volunteer - Wingham,Not specified,Aged Care,Not specified,Not specified,https://careers.whiddon.com.au/en/job/494221/volunteer-wingham,Whiddon,2025-11-24
01d7ddd157f8971047a5bee8a5f9ed53,Volunteer - Wee Waa,Not specified,Aged Care,Not specified,Not specified,https://careers.whiddon.com.au/en/job/494222/volunteer-wee-waa,Whiddon,2025-11-24
8d19f3e6f0ee62fb4050ca5ef5dbec7c,Disability Support Worker. Permanent Part Time - Port Macquarie,Not specified,Disability Support,Not specified,Not specified,https://careers.lwb.org.au/en/job/505940/disability-support-worker-permanent-part-time-port-macquarie,Life Without Barriers,2025-11-24
d22feaa4eddce9159203a8ba1786f8c5,"House Manager (Child, Youth & Family). Permanent Full Time - Bathurst",Not specified,Disability Support,Not specified,Not specified,https://careers.lwb.org.au/en/job/505635/house-manager-child-youth-family-permanent-full-time-bathurst,Life Without Barriers,2025-11-24
531dc9c817e952c3866b41da7d329bd5,Clinician (National Immigration Support Service). Permanent Full Time - Perth,Not specified,Disability Support,Not specified,Not specified,https://careers.lwb.org.au/en/job/505650/clinician-national-immigration-support-service-permanent-full-time-perth,Life Without Barriers,2025-11-24
63d7f4492ba23f7b42758ffd98db9306,Therapeutic Specialist. Permanent Full Time - Geraldton,Not specified,Disability Support,Not specified,Not specified,https://careers.lwb.org.au/en/job/505689/therapeutic-specialist-permanent-full-time-geraldton,Life Without Barriers,2025-11-24
d098c306ec23fbc5c691f91c35a32e5b,Disability Support Worker. Permanent Part Time - Mackay,Not specified,Disability Support,Not specified,Not specified,https://careers.lwb.org.au/en/job/505945/disability-support-worker-permanent-part-time-mackay,Life Without Barriers,2025-11-24
4270f92fa67de15e896d95ec536203ca,Regional Practice Lead. Permanent Full-Time - Ipswich,Not specified,Disability Support,Not specified,Not specified,https://careers.lwb.org.au/en/job/505947/regional-practice-lead-permanent-fulltime-ipswich,Life Without Barriers,2025-11-24
38e5c7e80053334a31c30ddff353620f,Intensive Therapeutic Care Worker. Permanent Part Time & Casual - Tweed Heads & Goonellabah,Not specified,Disability Support,Not specified,Not specified,https://careers.lwb.org.au/en/job/505322/intensive-therapeutic-care-worker-permanent-part-time-casual-tweed-heads-goonellabah,Life Without Barriers,2025-11-24
be1c422bb815d365ed63ac8d2bcff638,Disability Support Worker (Female). Permanent Part Time - Waratah,Not specified,Disability Support,Not specified,Not specified,https://careers.lwb.org.au/en/job/505596/disability-support-worker-female-permanent-part-time-waratah,Life Without Barriers,2025-11-24
ad92e17b637edc7245cc455f5ede5a84,Disability Support Worker. Permanent Part Time - Kanwal,Not specified,Disability Support,Not specified,Not specified,https://careers.lwb.org.au/en/job/505925/disability-support-worker-permanent-part-time-kanwal,Life Without Barriers,2025-11-24
2903c9771adb839e84facc113a7ccd05,Disability Support Worker. Permanent Part Time - Woy Woy & Narara,Not specified,Disability Support,Not specified,Not specified,https://careers.lwb.org.au/en/job/505923/disability-support-worker-permanent-part-time-woy-woy-narara,Life Without Barriers,2025-11-24
3e23fefcfaa3f0aed3842f4d94ab0b86,Disability Support Workers - Casual & Part time - Rockhampton,Not specified,Disability Support,Not specified,Not specified,https://careers.lwb.org.au/en/job/505869/disability-support-workers-casual-part-time-rockhampton,Life Without Barriers,2025-11-24
d9692b5beb987d51f47daa09b69d94cd,Senior Residential Care Worker (Live in). Full Time Permanent - Carnarvon,Not specified,Disability Support,Not specified,Not specified,https://careers.lwb.org.au/en/job/505909/senior-residential-care-worker-live-in-full-time-permanent-carnarvon,Life Without Barriers,2025-11-24
68f81d21731b0698a7382c7630a25094,Intensive Therapeutic Care Worker. Permanent Part Time - Cooranbong,Not specified,Disability Support,Not specified,Not specified,https://careers.lwb.org.au/en/job/505314/intensive-therapeutic-care-worker-permanent-part-time-cooranbong,Life Without Barriers,2025-11-24
0c5bdc4fd41bbe7a88ce887c609c79a8,Disability Support Worker (SIL). Permanent Part Time - New Lambton,Not specified,Disability Support,Not specified,Not specified,https://careers.lwb.org.au/en/job/505597/disability-support-worker-sil-permanent-part-time-new-lambton,Life Without Barriers,2025-11-24
1e47493d9b2b739524be29f5447695c0,Disability Support Worker. Permanent Part Time & Casual - Gosford,Not specified,Disability Support,Not specified,Not specified,https://careers.lwb.org.au/en/job/505931/disability-support-worker-permanent-part-time-casual-gosford,Life Without Barriers,2025-11-24
6960400ecf15a309d8cee5e0fc8c6176,"Residential Support Worker CYF. Permanent Part Time, Casual - Manjimup",Not specified,Disability Support,Not specified,Not specified,https://careers.lwb.org.au/en/job/505811/residential-support-worker-cyf-permanent-part-time-casual-manjimup,Life Without Barriers,2025-11-24
9be8c232fa0fb45c797673ebfb9f13da,Youth Advocate (Identified). Permanent Full Time - Logan,Not specified,Disability Support,Not specified,Not specified,https://careers.lwb.org.au/en/job/505605/youth-advocate-identified-permanent-full-time-logan,Life Without Barriers,2025-11-24
674660971e31b40e66d489dddb26b82c,Case Manager (Family Based Care). Permanent Full Time - Dubbo,Not specified,Disability Support,Not specified,Not specified,https://careers.lwb.org.au/en/job/505800/case-manager-family-based-care-permanent-full-time-dubbo,Life Without Barriers,2025-11-24
08479f388bbf7e35de893328fe4cf064,Disability Support Worker. Casual/Permanent Part time - Narrabri,Not specified,Disability Support,Not specified,Not specified,https://careers.lwb.org.au/en/job/505816/disability-support-worker-casualpermanent-part-time-narrabri,Life Without Barriers,2025-11-24
a494ef791fe707402299ec8751613535,Disability Support Worker. Casual - Norfolk Island,Not specified,Disability Support,Not specified,Not specified,https://careers.lwb.org.au/en/job/505943/disability-support-worker-casual-norfolk-island,Life Without Barriers,2025-11-24
8d19f3e6f0ee62fb4050ca5ef5dbec7c,Disability Support Worker. Permanent Part Time - Port Macquarie,Not specified,Disability Support,Not specified,Not specified,https://careers.lwb.org.au/en/job/505940/disability-support-worker-permanent-part-time-port-macquarie,Life Without Barriers,2025-11-24
d22feaa4eddce9159203a8ba1786f8c5,"House Manager (Child, Youth & Family). Permanent Full Time - Bathurst",Not specified,Disability Support,Not specified,Not specified,https://careers.lwb.org.au/en/job/505635/house-manager-child-youth-family-permanent-full-time-bathurst,Life Without Barriers,2025-11-24
531dc9c817e952c3866b41da7d329bd5,Clinician (National Immigration Support Service). Permanent Full Time - Perth,Not specified,Disability Support,Not specified,Not specified,https://careers.lwb.org.au/en/job/505650/clinician-national-immigration-support-service-permanent-full-time-perth,Life Without Barriers,2025-11-24
63d7f4492ba23f7b42758ffd98db9306,Therapeutic Specialist. Permanent Full Time - Geraldton,Not specified,Disability Support,Not specified,Not specified,https://careers.lwb.org.au/en/job/505689/therapeutic-specialist-permanent-full-time-geraldton,Life Without Barriers,2025-11-24
d098c306ec23fbc5c691f91c35a32e5b,Disability Support Worker. Permanent Part Time - Mackay,Not specified,Disability Support,Not specified,Not specified,https://careers.lwb.org.au/en/job/505945/disability-support-worker-permanent-part-time-mackay,Life Without Barriers,2025-11-24
4270f92fa67de15e896d95ec536203ca,Regional Practice Lead. Permanent Full-Time - Ipswich,Not specified,Disability Support,Not specified,Not specified,https://careers.lwb.org.au/en/job/505947/regional-practice-lead-permanent-fulltime-ipswich,Life Without Barriers,2025-11-24
38e5c7e80053334a31c30ddff353620f,Intensive Therapeutic Care Worker. Permanent Part Time & Casual - Tweed Heads & Goonellabah,Not specified,Disability Support,Not specified,Not specified,https://careers.lwb.org.au/en/job/505322/intensive-therapeutic-care-worker-permanent-part-time-casual-tweed-heads-goonellabah,Life Without Barriers,2025-11-24
be1c422bb815d365ed63ac8d2bcff638,Disability Support Worker (Female). Permanent Part Time - Waratah,Not specified,Disability Support,Not specified,Not specified,https://careers.lwb.org.au/en/job/505596/disability-support-worker-female-permanent-part-time-waratah,Life Without Barriers,2025-11-24
ad92e17b637edc7245cc455f5ede5a84,Disability Support Worker. Permanent Part Time - Kanwal,Not specified,Disability Support,Not specified,Not specified,https://careers.lwb.org.au/en/job/505925/disability-support-worker-permanent-part-time-kanwal,Life Without Barriers,2025-11-24
2903c9771adb839e84facc113a7ccd05,Disability Support Worker. Permanent Part Time - Woy Woy & Narara,Not specified,Disability Support,Not specified,Not specified,https://careers.lwb.org.au/en/job/505923/disability-support-worker-permanent-part-time-woy-woy-narara,Life Without Barriers,2025-11-24
3e23fefcfaa3f0aed3842f4d94ab0b86,Disability Support Workers - Casual & Part time - Rockhampton,Not specified,Disability Support,Not specified,Not specified,https://careers.lwb.org.au/en/job/505869/disability-support-workers-casual-part-time-rockhampton,Life Without Barriers,2025-11-24
d9692b5beb987d51f47daa09b69d94cd,Senior Residential Care Worker (Live in). Full Time Permanent - Carnarvon,Not specified,Disability Support,Not specified,Not specified,https://careers.lwb.org.au/en/job/505909/senior-residential-care-worker-live-in-full-time-permanent-carnarvon,Life Without Barriers,2025-11-24
68f81d21731b0698a7382c7630a25094,Intensive Therapeutic Care Worker. Permanent Part Time - Cooranbong,Not specified,Disability Support,Not specified,Not specified,https://careers.lwb.org.au/en/job/505314/intensive-therapeutic-care-worker-permanent-part-time-cooranbong,Life Without Barriers,2025-11-24
0c5bdc4fd41bbe7a88ce887c609c79a8,Disability Support Worker (SIL). Permanent Part Time - New Lambton,Not specified,Disability Support,Not specified,Not specified,https://careers.lwb.org.au/en/job/505597/disability-support-worker-sil-permanent-part-time-new-lambton,Life Without Barriers,2025-11-24
1e47493d9b2b739524be29f5447695c0,Disability Support Worker. Permanent Part Time & Casual - Gosford,Not specified,Disability Support,Not specified,Not specified,https://careers.lwb.org.au/en/job/505931/disability-support-worker-permanent-part-time-casual-gosford,Life Without Barriers,2025-11-24
6960400ecf15a309d8cee5e0fc8c6176,"Residential Support Worker CYF. Permanent Part Time, Casual - Manjimup",Not specified,Disability Support,Not specified,Not specified,https://careers.lwb.org.au/en/job/505811/residential-support-worker-cyf-permanent-part-time-casual-manjimup,Life Without Barriers,2025-11-24
9be8c232fa0fb45c797673ebfb9f13da,Youth Advocate (Identified). Permanent Full Time - Logan,Not specified,Disability Support,Not specified,Not specified,https://careers.lwb.org.au/en/job/505605/youth-advocate-identified-permanent-full-time-logan,Life Without Barriers,2025-11-24
674660971e31b40e66d489dddb26b82c,Case Manager (Family Based Care). Permanent Full Time - Dubbo,Not specified,Disability Support,Not specified,Not specified,https://careers.lwb.org.au/en/job/505800/case-manager-family-based-care-permanent-full-time-dubbo,Life Without Barriers,2025-11-24
08479f388bbf7e35de893328fe4cf064,Disability Support Worker. Casual/Permanent Part time - Narrabri,Not specified,Disability Support,Not specified,Not specified,https://careers.lwb.org.au/en/job/505816/disability-support-worker-casualpermanent-part-time-narrabri,Life Without Barriers,2025-11-24
a494ef791fe707402299ec8751613535,Disability Support Worker. Casual - Norfolk Island,Not specified,Disability Support,Not specified,Not specified,https://careers.lwb.org.au/en/job/505943/disability-support-worker-casual-norfolk-island,Life Without Barriers,2025-11-24
600e40df63f7c38c48607550dc95bb33,Disability Support Worker. Permanent Part Time - Umina,Not specified,Disability Support,Not specified,Not specified,https://careers.lwb.org.au/en/job/505922/disability-support-worker-permanent-part-time-umina,Life Without Barriers,2025-11-24
3cc2c635cfcc49bdc4f2b9450949e0f8,Disability Support Workers. Casual – Australind,Not specified,Disability Support,Not specified,Not specified,https://careers.lwb.org.au/en/job/505792/disability-support-workers-casual-australind,Life Without Barriers,2025-11-24
db37cc7238ef5956ad3c60568c2713f0,Community Support Worker (Female) - Perth South Metro,Not specified,Disability Support,Not specified,Not specified,https://careers.lwb.org.au/en/job/505930/community-support-worker-female-perth-south-metro,Life Without Barriers,2025-11-24
27c83f506680f78807bbab917f345ac4,Teacher (LWB Education). Permanent Full Time - Dubbo,Not specified,Disability Support,Not specified,Not specified,https://careers.lwb.org.au/en/job/505765/teacher-lwb-education-permanent-full-time-dubbo,Life Without Barriers,2025-11-24
be83167f2e27f212e2fe174d5a6a83f4,Case Manager (Family Based Care). Permanent Full Time - Wollongong,Not specified,Disability Support,Not specified,Not specified,https://careers.lwb.org.au/en/job/505828/case-manager-family-based-care-permanent-full-time-wollongong,Life Without Barriers,2025-11-24
f46ac3cbfdf0ea539cfc3a09911ebb75,Aged Care Home & Community Assistant (Female). Casual - Logan,Not specified,Disability Support,Not specified,Not specified,https://careers.lwb.org.au/en/job/505818/aged-care-home-community-assistant-female-casual-logan,Life Without Barriers,2025-11-24
1f6a66cc3efdb58050ff5e82161bbd47,Child & Family Practitioner. Full time Permanent - Mackay,Not specified,Disability Support,Not specified,Not specified,https://careers.lwb.org.au/en/job/505914/child-family-practitioner-full-time-permanent-mackay,Life Without Barriers,2025-11-24
186a30154b1303b54a370f1eeaebfb31,Aged Care Home & Community Assistant. Casual - Tamworth,Not specified,Disability Support,Not specified,Not specified,https://careers.lwb.org.au/en/job/505658/aged-care-home-community-assistant-casual-tamworth,Life Without Barriers,2025-11-24
eb9a90914c755d2bb8c196fa40cedea8,Residential Support Worker CYF. - Carnarvon - Casual,Not specified,Disability Support,Not specified,Not specified,https://careers.lwb.org.au/en/job/505908/residential-support-worker-cyf-carnarvon-casual,Life Without Barriers,2025-11-24
df5f0b09fca9510a50fa6d5b7f05141a,Case Manager (NSP). Full-time Permanent - Toowoomba,Not specified,Disability Support,Not specified,Not specified,https://careers.lwb.org.au/en/job/505470/case-manager-nsp-fulltime-permanent-toowoomba,Life Without Barriers,2025-11-24
9e734dee2a6f0f085641e8678dcca921,Aged Care Home & Community Assistant (Female). Permanent Part Time - Noosa,Not specified,Disability Support,Not specified,Not specified,https://careers.lwb.org.au/en/job/505915/aged-care-home-community-assistant-female-permanent-part-time-noosa,Life Without Barriers,2025-11-24
906b828a242b65f675e4962836540dfe,Disability Support Worker (Female). Permanent Part Time – Hurstville,Not specified,Disability Support,Not specified,Not specified,https://careers.lwb.org.au/en/job/505492/disability-support-worker-female-permanent-part-time-hurstville,Life Without Barriers,2025-11-24
6410132ce9718670d6d4a8bd771bcbaa,Disability Support Worker (Female). Permanent Part Time - Bondi Junction,Not specified,Disability Support,Not specified,Not specified,https://careers.lwb.org.au/en/job/505674/disability-support-worker-female-permanent-part-time-bondi-junction,Life Without Barriers,2025-11-24
c95c227cc6520a128c7300dff30db5dc,Senior Residential Support Worker. Permanent Part-Time - Geelong,Not specified,Disability Support,Not specified,Not specified,https://careers.lwb.org.au/en/job/505798/senior-residential-support-worker-permanent-parttime-geelong,Life Without Barriers,2025-11-24
532c66ac7e519c11ae1cde9c311d9c7c,Aged Care Home & Community Assistant. Permanent Part Time - Cairns,Not specified,Disability Support,Not specified,Not specified,https://careers.lwb.org.au/en/job/505896/aged-care-home-community-assistant-permanent-part-time-cairns,Life Without Barriers,2025-11-24
8c2de299722f2fe917f25a0b73adf6b9,Youth Worker. Casual - Cairns.,Not specified,Disability Support,Not specified,Not specified,https://careers.lwb.org.au/en/job/504826/youth-worker-casual-cairns,Life Without Barriers,2025-11-24
9f7bce4d84557516837c7cdfabbca7c6,Youth Workers. Casual - Townsville,Not specified,Disability Support,Not specified,Not specified,https://careers.lwb.org.au/en/job/505269/youth-workers-casual-townsville,Life Without Barriers,2025-11-24
6aff8ce3a21e44b66e6334df14071b45,Home & Community Assistant - QCSS. Casual - Cairns,Not specified,Disability Support,Not specified,Not specified,https://careers.lwb.org.au/en/job/505569/home-community-assistant-qcss-casual-cairns,Life Without Barriers,2025-11-24
98efd7f33f229bc7d8bb04c23f226dee,Youth Worker. Casual - Toowoomba,Not specified,Disability Support,Not specified,Not specified,https://careers.lwb.org.au/en/job/505530/youth-worker-casual-toowoomba,Life Without Barriers,2025-11-24
fe1c979cdcbe7628c2e59a2be799f8bc,Aged Care Home & Community Assistant. Casual - Newcastle,Not specified,Disability Support,Not specified,Not specified,https://careers.lwb.org.au/en/job/505759/aged-care-home-community-assistant-casual-newcastle,Life Without Barriers,2025-11-24
600e40df63f7c38c48607550dc95bb33,Disability Support Worker. Permanent Part Time - Umina,Not specified,Disability Support,Not specified,Not specified,https://careers.lwb.org.au/en/job/505922/disability-support-worker-permanent-part-time-umina,Life Without Barriers,2025-11-24
3cc2c635cfcc49bdc4f2b9450949e0f8,Disability Support Workers. Casual – Australind,Not specified,Disability Support,Not specified,Not specified,https://careers.lwb.org.au/en/job/505792/disability-support-workers-casual-australind,Life Without Barriers,2025-11-24
db37cc7238ef5956ad3c60568c2713f0,Community Support Worker (Female) - Perth South Metro,Not specified,Disability Support,Not specified,Not specified,https://careers.lwb.org.au/en/job/505930/community-support-worker-female-perth-south-metro,Life Without Barriers,2025-11-24
27c83f506680f78807bbab917f345ac4,Teacher (LWB Education). Permanent Full Time - Dubbo,Not specified,Disability Support,Not specified,Not specified,https://careers.lwb.org.au/en/job/505765/teacher-lwb-education-permanent-full-time-dubbo,Life Without Barriers,2025-11-24
be83167f2e27f212e2fe174d5a6a83f4,Case Manager (Family Based Care). Permanent Full Time - Wollongong,Not specified,Disability Support,Not specified,Not specified,https://careers.lwb.org.au/en/job/505828/case-manager-family-based-care-permanent-full-time-wollongong,Life Without Barriers,2025-11-24
f46ac3cbfdf0ea539cfc3a09911ebb75,Aged Care Home & Community Assistant (Female). Casual - Logan,Not specified,Disability Support,Not specified,Not specified,https://careers.lwb.org.au/en/job/505818/aged-care-home-community-assistant-female-casual-logan,Life Without Barriers,2025-11-24
1f6a66cc3efdb58050ff5e82161bbd47,Child & Family Practitioner. Full time Permanent - Mackay,Not specified,Disability Support,Not specified,Not specified,https://careers.lwb.org.au/en/job/505914/child-family-practitioner-full-time-permanent-mackay,Life Without Barriers,2025-11-24
186a30154b1303b54a370f1eeaebfb31,Aged Care Home & Community Assistant. Casual - Tamworth,Not specified,Disability Support,Not specified,Not specified,https://careers.lwb.org.au/en/job/505658/aged-care-home-community-assistant-casual-tamworth,Life Without Barriers,2025-11-24
eb9a90914c755d2bb8c196fa40cedea8,Residential Support Worker CYF. - Carnarvon - Casual,Not specified,Disability Support,Not specified,Not specified,https://careers.lwb.org.au/en/job/505908/residential-support-worker-cyf-carnarvon-casual,Life Without Barriers,2025-11-24
df5f0b09fca9510a50fa6d5b7f05141a,Case Manager (NSP). Full-time Permanent - Toowoomba,Not specified,Disability Support,Not specified,Not specified,https://careers.lwb.org.au/en/job/505470/case-manager-nsp-fulltime-permanent-toowoomba,Life Without Barriers,2025-11-24
9e734dee2a6f0f085641e8678dcca921,Aged Care Home & Community Assistant (Female). Permanent Part Time - Noosa,Not specified,Disability Support,Not specified,Not specified,https://careers.lwb.org.au/en/job/505915/aged-care-home-community-assistant-female-permanent-part-time-noosa,Life Without Barriers,2025-11-24
906b828a242b65f675e4962836540dfe,Disability Support Worker (Female). Permanent Part Time – Hurstville,Not specified,Disability Support,Not specified,Not specified,https://careers.lwb.org.au/en/job/505492/disability-support-worker-female-permanent-part-time-hurstville,Life Without Barriers,2025-11-24
6410132ce9718670d6d4a8bd771bcbaa,Disability Support Worker (Female). Permanent Part Time - Bondi Junction,Not specified,Disability Support,Not specified,Not specified,https://careers.lwb.org.au/en/job/505674/disability-support-worker-female-permanent-part-time-bondi-junction,Life Without Barriers,2025-11-24
c95c227cc6520a128c7300dff30db5dc,Senior Residential Support Worker. Permanent Part-Time - Geelong,Not specified,Disability Support,Not specified,Not specified,https://careers.lwb.org.au/en/job/505798/senior-residential-support-worker-permanent-parttime-geelong,Life Without Barriers,2025-11-24
532c66ac7e519c11ae1cde9c311d9c7c,Aged Care Home & Community Assistant. Permanent Part Time - Cairns,Not specified,Disability Support,Not specified,Not specified,https://careers.lwb.org.au/en/job/505896/aged-care-home-community-assistant-permanent-part-time-cairns,Life Without Barriers,2025-11-24
8c2de299722f2fe917f25a0b73adf6b9,Youth Worker. Casual - Cairns.,Not specified,Disability Support,Not specified,Not specified,https://careers.lwb.org.au/en/job/504826/youth-worker-casual-cairns,Life Without Barriers,2025-11-24
9f7bce4d84557516837c7cdfabbca7c6,Youth Workers. Casual - Townsville,Not specified,Disability Support,Not specified,Not specified,https://careers.lwb.org.au/en/job/505269/youth-workers-casual-townsville,Life Without Barriers,2025-11-24
6aff8ce3a21e44b66e6334df14071b45,Home & Community Assistant - QCSS. Casual - Cairns,Not specified,Disability Support,Not specified,Not specified,https://careers.lwb.org.au/en/job/505569/home-community-assistant-qcss-casual-cairns,Life Without Barriers,2025-11-24
98efd7f33f229bc7d8bb04c23f226dee,Youth Worker. Casual - Toowoomba,Not specified,Disability Support,Not specified,Not specified,https://careers.lwb.org.au/en/job/505530/youth-worker-casual-toowoomba,Life Without Barriers,2025-11-24
fe1c979cdcbe7628c2e59a2be799f8bc,Aged Care Home & Community Assistant. Casual - Newcastle,Not specified,Disability Support,Not specified,Not specified,https://careers.lwb.org.au/en/job/505759/aged-care-home-community-assistant-casual-newcastle,Life Without Barriers,2025-11-24
6f25c1781c65b49fa028240b5ea1b1d3,House Manager. CYF - Permanent Full Time - Geraldton,Not specified,Disability Support,Not specified,Not specified,https://careers.lwb.org.au/en/job/505154/house-manager-cyf-permanent-full-time-geraldton,Life Without Barriers,2025-11-24
4f3b7e34d9151b75fae20846b9ad25ea,Disability Support Worker. Permanent Part Time - Ceduna,Not specified,Disability Support,Not specified,Not specified,https://careers.lwb.org.au/en/job/505838/disability-support-worker-permanent-part-time-ceduna,Life Without Barriers,2025-11-24
ec15aee77912c6bb5e087164340f7c4d,House Manager (Intensive Therapeutic Care - Significant Disabilities). Permanent Full Time - Wollongong,Not specified,Disability Support,Not specified,Not specified,https://careers.lwb.org.au/en/job/505718/house-manager-intensive-therapeutic-care-significant-disabilities-permanent-full-time-wollongong,Life Without Barriers,2025-11-24
d0a51242fed2f22197410906a1d67b49,Intensive Therapeutic Care Worker (Significant Disabilities) . Permanent Part Time & Casual - Central Coast,Not specified,Disability Support,Not specified,Not specified,https://careers.lwb.org.au/en/job/505325/intensive-therapeutic-care-worker-significant-disabilities-permanent-part-time-casual-central-coast,Life Without Barriers,2025-11-24
22f75351af75f125d143add63704edcd,House Manager (Significant Disabilities). Permanent Full-Time - Newcastle,Not specified,Disability Support,Not specified,Not specified,https://careers.lwb.org.au/en/job/505727/house-manager-significant-disabilities-permanent-fulltime-newcastle,Life Without Barriers,2025-11-24
c2c81b372e745412c3e35acac91912b0,Intensive Therapeutic Care Worker. Permanent Part Time & Casual - Newcastle,Not specified,Disability Support,Not specified,Not specified,https://careers.lwb.org.au/en/job/505324/intensive-therapeutic-care-worker-permanent-part-time-casual-newcastle,Life Without Barriers,2025-11-24
89221d54eb4d72ca16775f332fa6581d,House Manager (Intensive Therapeutic Care) Permanent Full-Time - Newcastle,Not specified,Disability Support,Not specified,Not specified,https://careers.lwb.org.au/en/job/505582/house-manager-intensive-therapeutic-care-permanent-fulltime-newcastle,Life Without Barriers,2025-11-24
6f25c1781c65b49fa028240b5ea1b1d3,House Manager. CYF - Permanent Full Time - Geraldton,Not specified,Disability Support,Not specified,Not specified,https://careers.lwb.org.au/en/job/505154/house-manager-cyf-permanent-full-time-geraldton,Life Without Barriers,2025-11-24
4f3b7e34d9151b75fae20846b9ad25ea,Disability Support Worker. Permanent Part Time - Ceduna,Not specified,Disability Support,Not specified,Not specified,https://careers.lwb.org.au/en/job/505838/disability-support-worker-permanent-part-time-ceduna,Life Without Barriers,2025-11-24
ec15aee77912c6bb5e087164340f7c4d,House Manager (Intensive Therapeutic Care - Significant Disabilities). Permanent Full Time - Wollongong,Not specified,Disability Support,Not specified,Not specified,https://careers.lwb.org.au/en/job/505718/house-manager-intensive-therapeutic-care-significant-disabilities-permanent-full-time-wollongong,Life Without Barriers,2025-11-24
d0a51242fed2f22197410906a1d67b49,Intensive Therapeutic Care Worker (Significant Disabilities) . Permanent Part Time & Casual - Central Coast,Not specified,Disability Support,Not specified,Not specified,https://careers.lwb.org.au/en/job/505325/intensive-therapeutic-care-worker-significant-disabilities-permanent-part-time-casual-central-coast,Life Without Barriers,2025-11-24
22f75351af75f125d143add63704edcd,House Manager (Significant Disabilities). Permanent Full-Time - Newcastle,Not specified,Disability Support,Not specified,Not specified,https://careers.lwb.org.au/en/job/505727/house-manager-significant-disabilities-permanent-fulltime-newcastle,Life Without Barriers,2025-11-24
c2c81b372e745412c3e35acac91912b0,Intensive Therapeutic Care Worker. Permanent Part Time & Casual - Newcastle,Not specified,Disability Support,Not specified,Not specified,https://careers.lwb.org.au/en/job/505324/intensive-therapeutic-care-worker-permanent-part-time-casual-newcastle,Life Without Barriers,2025-11-24
89221d54eb4d72ca16775f332fa6581d,House Manager (Intensive Therapeutic Care) Permanent Full-Time - Newcastle,Not specified,Disability Support,Not specified,Not specified,https://careers.lwb.org.au/en/job/505582/house-manager-intensive-therapeutic-care-permanent-fulltime-newcastle,Life Without Barriers,2025-11-24
